{"metadata":{"asset_id":"3a2131d1-382c-4cd8-865f-d684cde5ba43","asset_attributes":["data_asset","directory_asset"],"name":"Arabic_poetry_dataset.csv","asset_type":"data_asset","created_at":"2024-10-29T16:42:06Z","origin_country":"us","owner_id":"IBMid-694000JS2H","project_id":"75e4f51e-a30e-434c-b268-6d7a6fe8241d","size":83932181,"usage":{"last_update_time":1730220126826,"last_updated_at":"2024-10-29T16:42:06Z"}},"entity":{"data_asset":{"mime_type":"text/csv","dataset":false},"directory_asset":{"path":""},"location_definition":{"physical_location_code_assignment_method":"INFERRED","physical_location_code":"FRA","physical_location_code_assigned_by":"IBMid-694000JS2H","physical_location_code_added_on":"1730220127535","physical_location_code_rds_version":"00002024-0921-4203-8203-133055000000_4","physical_location_code_rds_id":"c57cb90f-2126-3800-9c9f-9eab82021cdf"}},"attachments":[{"id":"1d757b70-ccdc-4a49-9c21-6b7e03a08beb","version":2,"asset_type":"data_asset","name":"Arabic_poetry_dataset.csv","mime":"text/csv","datasource_type":"193a97c1-4475-4a19-b90c-295c4fdc6517","object_key":"Arabic_poetry_dataset.csv","creator_id":"IBMid-694000JS2H","create_time":1730220127536,"size":83932181,"is_remote":false,"is_managed":false,"is_referenced":true,"is_object_key_read_only":true,"is_user_provided_path_key":true,"transfer_complete":true,"is_partitioned":false,"complete_time_ticks":1730220127536,"user_data":{},"test_doc":0,"handle":{"bucket":"firsttry-donotdelete-pr-shwzejohrtbcdl","location":"eu-de","type":"bluemix_cos","key":"Arabic_poetry_dataset.csv","upload_id":"done","max_part_num":1},"usage":{"access_count":0,"last_accessor_id":"IBMid-694000JS2H","last_access_time":1730220127536}}]}
