{"metadata":{"asset_id":"2715a421-647f-4451-82ac-fca543e0284e","asset_attributes":["environment"],"name":"Z-ALLaM","asset_type":"environment","created_at":"2024-11-04T20:09:46Z","description":"","origin_country":"us","owner_id":"IBMid-694000JS2H","project_id":"75e4f51e-a30e-434c-b268-6d7a6fe8241d","sandbox_id":"75e4f51e-a30e-434c-b268-6d7a6fe8241d","size":0,"tags":["dsx"],"usage":{"last_update_time":1730750986609,"last_updated_at":"2024-11-04T20:09:46Z"}},"entity":{"environment":{"sub_type":"notebook","display_name":"Z-ALLaM","hardware_specification":{"type":"referenced","guid":"04c2b307-d553-4b67-a789-0ec38c933e57"},"software_specification":{"type":"referenced","guid":"45f12dfe-aa78-5b8d-9f38-0ee223c47309"},"tools_specification":{"supported_kernels":[{"name":"python3","display_name":"Python 3.11","language":"python","version":"3.11"}],"notebook_extensions":[]}}}}
