{"metadata":{"asset_id":"04c2b307-d553-4b67-a789-0ec38c933e57","asset_attributes":["hardware_specification"],"name":"Z-ALLaM","asset_type":"hardware_specification","created_at":"2024-11-04T20:09:46Z","description":"","origin_country":"us","owner_id":"IBMid-694000JS2H","project_id":"75e4f51e-a30e-434c-b268-6d7a6fe8241d","sandbox_id":"75e4f51e-a30e-434c-b268-6d7a6fe8241d","size":0,"tags":["dsx"],"usage":{"last_update_time":1730750986401,"last_updated_at":"2024-11-04T20:09:46Z"}},"entity":{"hardware_specification":{"nodes":{"cpu":{"units":"16","model":""},"mem":{"size":"64Gi"}}}}}
