{"metadata":{"asset_id":"942acd46-a8e2-4d46-9089-ae46a189529b","asset_attributes":["notebook"],"name":"Last-Demo","asset_type":"notebook","created_at":"2024-11-08T08:45:38Z","description":"","origin_country":"us","owner_id":"IBMid-694000JS2H","project_id":"75e4f51e-a30e-434c-b268-6d7a6fe8241d","size":36600,"tags":["notebook"],"usage":{"last_update_time":1731141148340,"last_updated_at":"2024-11-09T08:32:28Z"}},"entity":{"notebook":{"kernel":{"name":"python3","display_name":"Python 3.11","language":"python"},"originates_from":{"type":"blank"},"runtime":{"environment":"2715a421-647f-4451-82ac-fca543e0284e"}},"location_definition":{"physical_location_code":"FRA","physical_location_code_assigned_by":"IBMid-694000JS2H","physical_location_code_rds_id":"c57cb90f-2126-3800-9c9f-9eab82021cdf","physical_location_code_rds_version":"00002024-0921-4203-8203-133055000000_4","physical_location_code_assignment_method":"INFERRED","physical_location_code_added_on":"1731055539399"}},"attachments":[{"id":"f3ec9e7e-afde-4538-915b-a38423926faf","version":2,"asset_type":"notebook","name":"attachment for notebook 942acd46-a8e2-4d46-9089-ae46a189529b","description":"attachment for notebook 942acd46-a8e2-4d46-9089-ae46a189529b","mime":"application/json","datasource_type":"193a97c1-4475-4a19-b90c-295c4fdc6517","object_key":"notebook/Last-Demo_PtzmFV0DK.ipynb","creator_id":"IBMid-694000JS2H","create_time":1731055539402,"size":36600,"is_remote":false,"is_managed":false,"is_referenced":true,"is_object_key_read_only":false,"is_user_provided_path_key":true,"transfer_complete":true,"is_partitioned":false,"complete_time_ticks":1731055539402,"user_data":{},"test_doc":0,"handle":{"bucket":"firsttry-donotdelete-pr-shwzejohrtbcdl","location":"eu-de","type":"bluemix_cos","key":"notebook/Last-Demo_PtzmFV0DK.ipynb","upload_id":"done","max_part_num":1},"usage":{"access_count":76,"last_accessor_id":"IBMid-694000JS2H","last_access_time":1731141148338,"last_updater_id":"IBMid-694000JS2H","last_update_time":1731141148338}}]}
